{
  "sample_id": "sample_00058",
  "terrain_id": "sample_00058",
  "lighting_setup": "primary_alt_pair",
  "peak_count": 3,
  "valley_count": 1,
  "blur_sigma": 1.1129788165237262,
  "elevation_scale_m": 1592.0562066640819,
  "sun_azimuth_deg": 294.57300829931233,
  "sun_elevation_deg": 23.03308806963284,
  "sun_azimuth_alt_deg": 26.095702327148558,
  "sun_elevation_alt_deg": 15.873033850077391,
  "camera_azimuth_deg": 34.65563374534941,
  "camera_pitch_deg": 3.2172423890427986,
  "camera_roll_deg": 1.0805584645351125,
  "camera_altitude_m": 839.3647696976291,
  "camera_fov_deg": 23.422795534460437,
  "timestamp": "synthetic_00058",
  "image_size": 480
}