{
  "sample_id": "sample_00210",
  "terrain_id": "sample_00210",
  "lighting_setup": "primary_alt_pair",
  "peak_count": 3,
  "valley_count": 1,
  "blur_sigma": 1.7944785409010273,
  "elevation_scale_m": 1190.5213485460292,
  "sun_azimuth_deg": 193.16650070654262,
  "sun_elevation_deg": 29.44037839064011,
  "sun_azimuth_alt_deg": 329.114082187215,
  "sun_elevation_alt_deg": 55.684167172876386,
  "camera_azimuth_deg": 68.07732559333424,
  "camera_pitch_deg": 17.27946586089232,
  "camera_roll_deg": -4.041234580353114,
  "camera_altitude_m": 711.3523990242704,
  "camera_fov_deg": 48.78445605391738,
  "timestamp": "synthetic_00210",
  "image_size": 480
}