{
  "sample_id": "sample_00225",
  "terrain_id": "sample_00225",
  "lighting_setup": "primary_alt_pair",
  "peak_count": 5,
  "valley_count": 1,
  "blur_sigma": 1.5200624478295812,
  "elevation_scale_m": 556.6424487111318,
  "sun_azimuth_deg": 75.81160247593768,
  "sun_elevation_deg": 12.846681460999235,
  "sun_azimuth_alt_deg": 221.3926894269876,
  "sun_elevation_alt_deg": 49.27616258368307,
  "camera_azimuth_deg": 93.75583417699654,
  "camera_pitch_deg": 1.0705162599194713,
  "camera_roll_deg": 1.6385924965720742,
  "camera_altitude_m": 1283.9927948092768,
  "camera_fov_deg": 21.249613152269582,
  "timestamp": "synthetic_00225",
  "image_size": 480
}