{
  "sample_id": "sample_00161",
  "terrain_id": "sample_00161",
  "lighting_setup": "primary_alt_pair",
  "peak_count": 3,
  "valley_count": 1,
  "blur_sigma": 1.2243896535365844,
  "elevation_scale_m": 1025.1498065483415,
  "sun_azimuth_deg": 52.64783404222726,
  "sun_elevation_deg": 46.175253766282694,
  "sun_azimuth_alt_deg": 224.77880877607282,
  "sun_elevation_alt_deg": 59.156168688202726,
  "camera_azimuth_deg": 171.33722895573288,
  "camera_pitch_deg": 11.42562621932425,
  "camera_roll_deg": -4.193844422769701,
  "camera_altitude_m": 1696.776798060249,
  "camera_fov_deg": 28.34045212448362,
  "timestamp": "synthetic_00161",
  "image_size": 480
}