{
  "sample_id": "sample_00128",
  "terrain_id": "sample_00128",
  "lighting_setup": "primary_alt_pair",
  "peak_count": 5,
  "valley_count": 3,
  "blur_sigma": 1.3288061824139328,
  "elevation_scale_m": 1329.5077367228523,
  "sun_azimuth_deg": 163.74363704433338,
  "sun_elevation_deg": 23.110412295593463,
  "sun_azimuth_alt_deg": 284.81139799250644,
  "sun_elevation_alt_deg": 40.351946604382555,
  "camera_azimuth_deg": 29.461222863136584,
  "camera_pitch_deg": 11.095988890533864,
  "camera_roll_deg": -0.20364636473440534,
  "camera_altitude_m": 1362.9499657281972,
  "camera_fov_deg": 38.65529326527974,
  "timestamp": "synthetic_00128",
  "image_size": 480
}