{
  "sample_id": "sample_00000",
  "terrain_id": "sample_00000",
  "lighting_setup": "primary_alt_pair",
  "peak_count": 4,
  "valley_count": 2,
  "blur_sigma": 1.1159840056156471,
  "elevation_scale_m": 310.34779018319546,
  "sun_azimuth_deg": 108.37240207713896,
  "sun_elevation_deg": 57.71686355293508,
  "sun_azimuth_alt_deg": 229.2361944915492,
  "sun_elevation_alt_deg": 43.66430660190332,
  "camera_azimuth_deg": 170.48781440502196,
  "camera_pitch_deg": 22.65149068692987,
  "camera_roll_deg": -3.351357608574741,
  "camera_altitude_m": 793.5514383309594,
  "camera_fov_deg": 39.959535538323706,
  "timestamp": "synthetic_00000",
  "image_size": 480
}