{
  "sample_id": "sample_00094",
  "terrain_id": "sample_00094",
  "lighting_setup": "primary_alt_pair",
  "peak_count": 5,
  "valley_count": 1,
  "blur_sigma": 1.4299619124106628,
  "elevation_scale_m": 1623.9325060919862,
  "sun_azimuth_deg": 67.19365622740612,
  "sun_elevation_deg": 33.95229030599886,
  "sun_azimuth_alt_deg": 201.14394560775304,
  "sun_elevation_alt_deg": 15.447473640442524,
  "camera_azimuth_deg": 107.09830841019756,
  "camera_pitch_deg": 2.206448665169697,
  "camera_roll_deg": 1.9183753706709226,
  "camera_altitude_m": 729.3909451799566,
  "camera_fov_deg": 27.25115027250483,
  "timestamp": "synthetic_00094",
  "image_size": 480
}