{
  "sample_id": "sample_00063",
  "terrain_id": "sample_00063",
  "lighting_setup": "primary_alt_pair",
  "peak_count": 3,
  "valley_count": 1,
  "blur_sigma": 2.367842075261514,
  "elevation_scale_m": 1194.520447985908,
  "sun_azimuth_deg": 55.45282783846731,
  "sun_elevation_deg": 28.799929988457738,
  "sun_azimuth_alt_deg": 213.79952092841486,
  "sun_elevation_alt_deg": 55.977585926916625,
  "camera_azimuth_deg": 321.7992134398185,
  "camera_pitch_deg": 18.443140109729086,
  "camera_roll_deg": -0.7394704305537321,
  "camera_altitude_m": 967.7384051342128,
  "camera_fov_deg": 25.519343447842594,
  "timestamp": "synthetic_00063",
  "image_size": 480
}