{
  "sample_id": "sample_00215",
  "terrain_id": "sample_00215",
  "lighting_setup": "primary_alt_pair",
  "peak_count": 5,
  "valley_count": 2,
  "blur_sigma": 1.795612097237021,
  "elevation_scale_m": 860.2311816931938,
  "sun_azimuth_deg": 70.5683089826268,
  "sun_elevation_deg": 21.004568590807466,
  "sun_azimuth_alt_deg": 196.4626590568564,
  "sun_elevation_alt_deg": 20.154076086286043,
  "camera_azimuth_deg": 218.5009064257756,
  "camera_pitch_deg": 22.955654178863007,
  "camera_roll_deg": 2.3896465619194194,
  "camera_altitude_m": 1148.0119987265089,
  "camera_fov_deg": 34.95411757813055,
  "timestamp": "synthetic_00215",
  "image_size": 480
}