{
  "sample_id": "sample_00148",
  "terrain_id": "sample_00148",
  "lighting_setup": "primary_alt_pair",
  "peak_count": 7,
  "valley_count": 2,
  "blur_sigma": 2.21325272418727,
  "elevation_scale_m": 1079.8349725025414,
  "sun_azimuth_deg": 176.7893211057555,
  "sun_elevation_deg": 34.43514177620146,
  "sun_azimuth_alt_deg": 339.8761857139716,
  "sun_elevation_alt_deg": 59.41792304744418,
  "camera_azimuth_deg": 19.85665937974323,
  "camera_pitch_deg": 2.950695061607253,
  "camera_roll_deg": -4.627275512354114,
  "camera_altitude_m": 848.783557287717,
  "camera_fov_deg": 20.62725089669828,
  "timestamp": "synthetic_00148",
  "image_size": 480
}