{
  "sample_id": "sample_00188",
  "terrain_id": "sample_00188",
  "lighting_setup": "primary_alt_pair",
  "peak_count": 8,
  "valley_count": 3,
  "blur_sigma": 1.549906451670354,
  "elevation_scale_m": 1170.8985771570246,
  "sun_azimuth_deg": 310.50747325006535,
  "sun_elevation_deg": 39.778823633384356,
  "sun_azimuth_alt_deg": 71.26525497905436,
  "sun_elevation_alt_deg": 40.92605663336549,
  "camera_azimuth_deg": 357.9750912499038,
  "camera_pitch_deg": 21.31886214471408,
  "camera_roll_deg": 4.299656935673102,
  "camera_altitude_m": 566.428083108636,
  "camera_fov_deg": 24.6427559025511,
  "timestamp": "synthetic_00188",
  "image_size": 480
}