{
  "sample_id": "sample_00185",
  "terrain_id": "sample_00185",
  "lighting_setup": "primary_alt_pair",
  "peak_count": 4,
  "valley_count": 1,
  "blur_sigma": 0.8471349052901106,
  "elevation_scale_m": 1163.9359999766693,
  "sun_azimuth_deg": 36.742863512655596,
  "sun_elevation_deg": 46.67345984298658,
  "sun_azimuth_alt_deg": 193.28159510159097,
  "sun_elevation_alt_deg": 30.71627650304273,
  "camera_azimuth_deg": 12.092349604996514,
  "camera_pitch_deg": 4.447602348793245,
  "camera_roll_deg": -3.561504101864813,
  "camera_altitude_m": 1383.287076650291,
  "camera_fov_deg": 25.365303618143248,
  "timestamp": "synthetic_00185",
  "image_size": 480
}