{
  "sample_id": "sample_00016",
  "terrain_id": "sample_00016",
  "lighting_setup": "primary_alt_pair",
  "peak_count": 3,
  "valley_count": 3,
  "blur_sigma": 1.0696862286797868,
  "elevation_scale_m": 1262.471190057163,
  "sun_azimuth_deg": 165.94618965242026,
  "sun_elevation_deg": 18.723901797697764,
  "sun_azimuth_alt_deg": 290.98597507821444,
  "sun_elevation_alt_deg": 32.27784102733435,
  "camera_azimuth_deg": 8.701048154734007,
  "camera_pitch_deg": 15.416025985835788,
  "camera_roll_deg": -1.5319908401770599,
  "camera_altitude_m": 881.9319588593169,
  "camera_fov_deg": 29.868941059484197,
  "timestamp": "synthetic_00016",
  "image_size": 480
}