{
  "sample_id": "sample_00139",
  "terrain_id": "sample_00139",
  "lighting_setup": "primary_alt_pair",
  "peak_count": 7,
  "valley_count": 2,
  "blur_sigma": 1.3073022194949484,
  "elevation_scale_m": 982.9151401223712,
  "sun_azimuth_deg": 19.176660709678615,
  "sun_elevation_deg": 16.213720895247313,
  "sun_azimuth_alt_deg": 180.54529795831962,
  "sun_elevation_alt_deg": 48.49661271326397,
  "camera_azimuth_deg": 61.19902971488584,
  "camera_pitch_deg": 5.386262246142737,
  "camera_roll_deg": -3.109565684970396,
  "camera_altitude_m": 1119.2895784650905,
  "camera_fov_deg": 64.45487328032297,
  "timestamp": "synthetic_00139",
  "image_size": 480
}