{
  "sample_id": "sample_00013",
  "terrain_id": "sample_00013",
  "lighting_setup": "primary_alt_pair",
  "peak_count": 3,
  "valley_count": 1,
  "blur_sigma": 1.3411807753398322,
  "elevation_scale_m": 712.1913557519276,
  "sun_azimuth_deg": 159.7831943884376,
  "sun_elevation_deg": 47.70631173071351,
  "sun_azimuth_alt_deg": 324.2269303468757,
  "sun_elevation_alt_deg": 47.95195333691015,
  "camera_azimuth_deg": 239.12093685101547,
  "camera_pitch_deg": 8.939606982496763,
  "camera_roll_deg": 3.7380002609159533,
  "camera_altitude_m": 664.3393012733602,
  "camera_fov_deg": 30.27036919655489,
  "timestamp": "synthetic_00013",
  "image_size": 480
}