{
  "sample_id": "sample_00115",
  "terrain_id": "sample_00115",
  "lighting_setup": "primary_alt_pair",
  "peak_count": 7,
  "valley_count": 1,
  "blur_sigma": 1.5479970762646706,
  "elevation_scale_m": 859.092263892231,
  "sun_azimuth_deg": 326.1588560554717,
  "sun_elevation_deg": 62.71948749861224,
  "sun_azimuth_alt_deg": 101.91602580162828,
  "sun_elevation_alt_deg": 28.32172147266148,
  "camera_azimuth_deg": 62.550617079171744,
  "camera_pitch_deg": 0.03197234707594532,
  "camera_roll_deg": 0.8940620037538327,
  "camera_altitude_m": 1684.719091087054,
  "camera_fov_deg": 32.474085756717926,
  "timestamp": "synthetic_00115",
  "image_size": 480
}