{
  "sample_id": "sample_00034",
  "terrain_id": "sample_00034",
  "lighting_setup": "primary_alt_pair",
  "peak_count": 8,
  "valley_count": 1,
  "blur_sigma": 1.2487207757033794,
  "elevation_scale_m": 892.9352732945569,
  "sun_azimuth_deg": 17.22137464658878,
  "sun_elevation_deg": 22.76186791609435,
  "sun_azimuth_alt_deg": 186.21897235707766,
  "sun_elevation_alt_deg": 65.80252013856283,
  "camera_azimuth_deg": 284.8235650646723,
  "camera_pitch_deg": 12.096519277939244,
  "camera_roll_deg": -0.6614920022490276,
  "camera_altitude_m": 1362.8724322117723,
  "camera_fov_deg": 32.89204915541961,
  "timestamp": "synthetic_00034",
  "image_size": 480
}