{
  "sample_id": "sample_00167",
  "terrain_id": "sample_00167",
  "lighting_setup": "primary_alt_pair",
  "peak_count": 7,
  "valley_count": 2,
  "blur_sigma": 1.4300148903782168,
  "elevation_scale_m": 1467.5957406613845,
  "sun_azimuth_deg": 164.46630736153745,
  "sun_elevation_deg": 40.03678947278271,
  "sun_azimuth_alt_deg": 300.8032288565497,
  "sun_elevation_alt_deg": 26.90935289068178,
  "camera_azimuth_deg": 66.1745803252661,
  "camera_pitch_deg": 20.975913817394897,
  "camera_roll_deg": -4.6346239911818,
  "camera_altitude_m": 877.1842683608616,
  "camera_fov_deg": 36.618102940184855,
  "timestamp": "synthetic_00167",
  "image_size": 480
}