{
  "sample_id": "sample_00048",
  "terrain_id": "sample_00048",
  "lighting_setup": "primary_alt_pair",
  "peak_count": 3,
  "valley_count": 1,
  "blur_sigma": 1.4060068271428594,
  "elevation_scale_m": 535.2067691760747,
  "sun_azimuth_deg": 144.71797537582555,
  "sun_elevation_deg": 13.460487963081198,
  "sun_azimuth_alt_deg": 289.55054501738186,
  "sun_elevation_alt_deg": 42.563004501926116,
  "camera_azimuth_deg": 346.7022992971773,
  "camera_pitch_deg": 13.194344040978736,
  "camera_roll_deg": 3.4895913065299737,
  "camera_altitude_m": 1429.4791901610363,
  "camera_fov_deg": 41.71592939827746,
  "timestamp": "synthetic_00048",
  "image_size": 480
}