{
  "sample_id": "sample_00224",
  "terrain_id": "sample_00224",
  "lighting_setup": "primary_alt_pair",
  "peak_count": 3,
  "valley_count": 2,
  "blur_sigma": 2.308462921048445,
  "elevation_scale_m": 1750.6245526945554,
  "sun_azimuth_deg": 296.7312160543481,
  "sun_elevation_deg": 19.281102844481946,
  "sun_azimuth_alt_deg": 42.25691058914197,
  "sun_elevation_alt_deg": 39.42096589669504,
  "camera_azimuth_deg": 337.89023766622097,
  "camera_pitch_deg": 24.20907049730043,
  "camera_roll_deg": -3.6784260511600686,
  "camera_altitude_m": 531.5131758982312,
  "camera_fov_deg": 29.84988039690309,
  "timestamp": "synthetic_00224",
  "image_size": 480
}