{
  "sample_id": "sample_00113",
  "terrain_id": "sample_00113",
  "lighting_setup": "primary_alt_pair",
  "peak_count": 6,
  "valley_count": 1,
  "blur_sigma": 1.0657595869772432,
  "elevation_scale_m": 1314.1651446147491,
  "sun_azimuth_deg": 191.16132532342758,
  "sun_elevation_deg": 52.32549596815761,
  "sun_azimuth_alt_deg": 339.13527358468343,
  "sun_elevation_alt_deg": 69.62163424520475,
  "camera_azimuth_deg": 103.4792871488936,
  "camera_pitch_deg": 3.634807425210118,
  "camera_roll_deg": -1.1958470227068432,
  "camera_altitude_m": 1393.5202785582896,
  "camera_fov_deg": 56.711632955522546,
  "timestamp": "synthetic_00113",
  "image_size": 480
}