{
  "sample_id": "sample_00026",
  "terrain_id": "sample_00026",
  "lighting_setup": "primary_alt_pair",
  "peak_count": 5,
  "valley_count": 3,
  "blur_sigma": 1.9226324588123942,
  "elevation_scale_m": 1693.8687468759395,
  "sun_azimuth_deg": 71.36290447426236,
  "sun_elevation_deg": 40.25929426141301,
  "sun_azimuth_alt_deg": 199.8998817604842,
  "sun_elevation_alt_deg": 64.39519221936538,
  "camera_azimuth_deg": 194.87134371906868,
  "camera_pitch_deg": 6.21688229787315,
  "camera_roll_deg": -4.307621989772806,
  "camera_altitude_m": 1070.4359543991495,
  "camera_fov_deg": 28.534921705513575,
  "timestamp": "synthetic_00026",
  "image_size": 480
}