{
  "sample_id": "sample_00124",
  "terrain_id": "sample_00124",
  "lighting_setup": "primary_alt_pair",
  "peak_count": 7,
  "valley_count": 2,
  "blur_sigma": 1.7157140633135564,
  "elevation_scale_m": 1223.6305874670481,
  "sun_azimuth_deg": 256.3947600971693,
  "sun_elevation_deg": 55.517604361611625,
  "sun_azimuth_alt_deg": 25.153647615178215,
  "sun_elevation_alt_deg": 19.78866217308941,
  "camera_azimuth_deg": 61.3079138012633,
  "camera_pitch_deg": 4.313642740378921,
  "camera_roll_deg": -3.4708729060941956,
  "camera_altitude_m": 631.8241692797164,
  "camera_fov_deg": 42.29003884916786,
  "timestamp": "synthetic_00124",
  "image_size": 480
}