{
  "sample_id": "sample_00219",
  "terrain_id": "sample_00219",
  "lighting_setup": "primary_alt_pair",
  "peak_count": 8,
  "valley_count": 1,
  "blur_sigma": 1.6684611676926928,
  "elevation_scale_m": 378.25192122654073,
  "sun_azimuth_deg": 7.173988787980243,
  "sun_elevation_deg": 20.146535403274655,
  "sun_azimuth_alt_deg": 160.41242463636996,
  "sun_elevation_alt_deg": 25.304798069004256,
  "camera_azimuth_deg": 9.269094893064857,
  "camera_pitch_deg": 18.477757861961184,
  "camera_roll_deg": 4.07645042770098,
  "camera_altitude_m": 1248.256136516333,
  "camera_fov_deg": 44.225602163707535,
  "timestamp": "synthetic_00219",
  "image_size": 480
}