{
  "sample_id": "sample_00068",
  "terrain_id": "sample_00068",
  "lighting_setup": "primary_alt_pair",
  "peak_count": 5,
  "valley_count": 1,
  "blur_sigma": 1.0009407810757878,
  "elevation_scale_m": 541.0825848593918,
  "sun_azimuth_deg": 8.422177169203326,
  "sun_elevation_deg": 53.23204713081877,
  "sun_azimuth_alt_deg": 152.6791090957649,
  "sun_elevation_alt_deg": 44.08679556758082,
  "camera_azimuth_deg": 272.4170602563026,
  "camera_pitch_deg": 9.680512582198972,
  "camera_roll_deg": 1.155958543073039,
  "camera_altitude_m": 1310.6491657931074,
  "camera_fov_deg": 63.71860546831163,
  "timestamp": "synthetic_00068",
  "image_size": 480
}