{
  "sample_id": "sample_00030",
  "terrain_id": "sample_00030",
  "lighting_setup": "primary_alt_pair",
  "peak_count": 5,
  "valley_count": 3,
  "blur_sigma": 1.8121116793594425,
  "elevation_scale_m": 279.3339607632033,
  "sun_azimuth_deg": 194.39852347020923,
  "sun_elevation_deg": 25.456009651690295,
  "sun_azimuth_alt_deg": 6.950886023545593,
  "sun_elevation_alt_deg": 31.64907499437795,
  "camera_azimuth_deg": 180.89367955564336,
  "camera_pitch_deg": 4.653481498771075,
  "camera_roll_deg": -4.033332568839246,
  "camera_altitude_m": 408.904613524976,
  "camera_fov_deg": 64.7245364781378,
  "timestamp": "synthetic_00030",
  "image_size": 480
}