{
  "sample_id": "sample_00109",
  "terrain_id": "sample_00109",
  "lighting_setup": "primary_alt_pair",
  "peak_count": 8,
  "valley_count": 2,
  "blur_sigma": 1.415136798751478,
  "elevation_scale_m": 911.4144103782315,
  "sun_azimuth_deg": 234.0118974618733,
  "sun_elevation_deg": 19.448600734069373,
  "sun_azimuth_alt_deg": 53.92936398887002,
  "sun_elevation_alt_deg": 18.146784478405806,
  "camera_azimuth_deg": 112.80225238245784,
  "camera_pitch_deg": 9.539401243696405,
  "camera_roll_deg": -0.5611893520643418,
  "camera_altitude_m": 690.0617609400203,
  "camera_fov_deg": 63.068713051594635,
  "timestamp": "synthetic_00109",
  "image_size": 480
}