{
  "sample_id": "sample_00187",
  "terrain_id": "sample_00187",
  "lighting_setup": "primary_alt_pair",
  "peak_count": 5,
  "valley_count": 1,
  "blur_sigma": 1.9352619985367792,
  "elevation_scale_m": 1608.2401453110365,
  "sun_azimuth_deg": 272.3135499694604,
  "sun_elevation_deg": 37.20288598165942,
  "sun_azimuth_alt_deg": 9.798367006240369,
  "sun_elevation_alt_deg": 65.6023357301081,
  "camera_azimuth_deg": 105.24460422622256,
  "camera_pitch_deg": 9.866583172632499,
  "camera_roll_deg": -4.1514922463499815,
  "camera_altitude_m": 1286.024819012315,
  "camera_fov_deg": 62.72358161625424,
  "timestamp": "synthetic_00187",
  "image_size": 480
}