{
  "sample_id": "sample_00112",
  "terrain_id": "sample_00112",
  "lighting_setup": "primary_alt_pair",
  "peak_count": 3,
  "valley_count": 2,
  "blur_sigma": 1.444946058356557,
  "elevation_scale_m": 624.3276439076105,
  "sun_azimuth_deg": 342.0598831289329,
  "sun_elevation_deg": 35.77851718935054,
  "sun_azimuth_alt_deg": 85.70407918575518,
  "sun_elevation_alt_deg": 56.78958428007978,
  "camera_azimuth_deg": 255.84488807985656,
  "camera_pitch_deg": 7.361469647883181,
  "camera_roll_deg": -3.116547238567594,
  "camera_altitude_m": 1158.5048846994478,
  "camera_fov_deg": 58.26931282921277,
  "timestamp": "synthetic_00112",
  "image_size": 480
}