{
  "sample_id": "sample_00223",
  "terrain_id": "sample_00223",
  "lighting_setup": "primary_alt_pair",
  "peak_count": 7,
  "valley_count": 3,
  "blur_sigma": 1.4516771232529813,
  "elevation_scale_m": 257.12905038103173,
  "sun_azimuth_deg": 190.33866100812605,
  "sun_elevation_deg": 52.106063604939784,
  "sun_azimuth_alt_deg": 332.1488409743083,
  "sun_elevation_alt_deg": 64.60718740235669,
  "camera_azimuth_deg": 162.71739435789067,
  "camera_pitch_deg": 3.8606395994460363,
  "camera_roll_deg": -3.3419409504825426,
  "camera_altitude_m": 1636.87635805695,
  "camera_fov_deg": 50.024318582943295,
  "timestamp": "synthetic_00223",
  "image_size": 480
}