{
  "sample_id": "sample_00046",
  "terrain_id": "sample_00046",
  "lighting_setup": "primary_alt_pair",
  "peak_count": 8,
  "valley_count": 2,
  "blur_sigma": 1.7401175879503619,
  "elevation_scale_m": 1201.864544260326,
  "sun_azimuth_deg": 223.0326013621505,
  "sun_elevation_deg": 27.9501760404723,
  "sun_azimuth_alt_deg": 316.53438767347166,
  "sun_elevation_alt_deg": 54.70036045558138,
  "camera_azimuth_deg": 98.46913869690977,
  "camera_pitch_deg": 3.1718790789919655,
  "camera_roll_deg": 4.177342944066494,
  "camera_altitude_m": 714.9124153918845,
  "camera_fov_deg": 26.532392393516755,
  "timestamp": "synthetic_00046",
  "image_size": 480
}