{
  "sample_id": "sample_00061",
  "terrain_id": "sample_00061",
  "lighting_setup": "primary_alt_pair",
  "peak_count": 4,
  "valley_count": 2,
  "blur_sigma": 1.025951171251125,
  "elevation_scale_m": 610.4938834464255,
  "sun_azimuth_deg": 85.32218362665976,
  "sun_elevation_deg": 58.33689094354353,
  "sun_azimuth_alt_deg": 219.50076936812457,
  "sun_elevation_alt_deg": 21.438532005677,
  "camera_azimuth_deg": 159.0084030197128,
  "camera_pitch_deg": 4.1582412793920085,
  "camera_roll_deg": -3.0569675021156084,
  "camera_altitude_m": 848.2960552584062,
  "camera_fov_deg": 52.92649707001865,
  "timestamp": "synthetic_00061",
  "image_size": 480
}