{
  "sample_id": "sample_00222",
  "terrain_id": "sample_00222",
  "lighting_setup": "primary_alt_pair",
  "peak_count": 4,
  "valley_count": 2,
  "blur_sigma": 1.7759381089655428,
  "elevation_scale_m": 1038.3990832139157,
  "sun_azimuth_deg": 125.70169372194133,
  "sun_elevation_deg": 36.33105778139789,
  "sun_azimuth_alt_deg": 287.3228909688413,
  "sun_elevation_alt_deg": 28.311046376984784,
  "camera_azimuth_deg": 71.84955424543543,
  "camera_pitch_deg": 19.9978246433407,
  "camera_roll_deg": 0.4142644279516938,
  "camera_altitude_m": 1631.6509907668087,
  "camera_fov_deg": 52.75750793933325,
  "timestamp": "synthetic_00222",
  "image_size": 480
}