{
  "sample_id": "sample_00191",
  "terrain_id": "sample_00191",
  "lighting_setup": "primary_alt_pair",
  "peak_count": 8,
  "valley_count": 2,
  "blur_sigma": 1.5633853949901213,
  "elevation_scale_m": 255.90622213697625,
  "sun_azimuth_deg": 183.57203629890702,
  "sun_elevation_deg": 69.11195360976177,
  "sun_azimuth_alt_deg": 343.4776313737759,
  "sun_elevation_alt_deg": 47.60851413658955,
  "camera_azimuth_deg": 86.3406185839537,
  "camera_pitch_deg": 19.098721810002775,
  "camera_roll_deg": 2.351119980207816,
  "camera_altitude_m": 641.1141028713834,
  "camera_fov_deg": 63.42495254717476,
  "timestamp": "synthetic_00191",
  "image_size": 480
}