{
  "sample_id": "sample_00184",
  "terrain_id": "sample_00184",
  "lighting_setup": "primary_alt_pair",
  "peak_count": 5,
  "valley_count": 3,
  "blur_sigma": 1.9771256866758933,
  "elevation_scale_m": 1707.7250086804838,
  "sun_azimuth_deg": 82.57573248073494,
  "sun_elevation_deg": 33.08540322921263,
  "sun_azimuth_alt_deg": 178.00950029852555,
  "sun_elevation_alt_deg": 19.923554147135256,
  "camera_azimuth_deg": 159.91349927174608,
  "camera_pitch_deg": 23.395887091387003,
  "camera_roll_deg": 4.071653439164482,
  "camera_altitude_m": 861.3387236335413,
  "camera_fov_deg": 21.628834445316354,
  "timestamp": "synthetic_00184",
  "image_size": 480
}