{
  "sample_id": "sample_00236",
  "terrain_id": "sample_00236",
  "lighting_setup": "primary_alt_pair",
  "peak_count": 7,
  "valley_count": 1,
  "blur_sigma": 1.7352168000641606,
  "elevation_scale_m": 1219.3517568016932,
  "sun_azimuth_deg": 276.92731646106535,
  "sun_elevation_deg": 17.293772566323533,
  "sun_azimuth_alt_deg": 34.65580759481543,
  "sun_elevation_alt_deg": 60.89065619015857,
  "camera_azimuth_deg": 230.1789379675671,
  "camera_pitch_deg": 4.015789911849824,
  "camera_roll_deg": -4.825039258196347,
  "camera_altitude_m": 921.5241550480915,
  "camera_fov_deg": 41.353915208592795,
  "timestamp": "synthetic_00236",
  "image_size": 480
}