{
  "sample_id": "sample_00027",
  "terrain_id": "sample_00027",
  "lighting_setup": "primary_alt_pair",
  "peak_count": 5,
  "valley_count": 3,
  "blur_sigma": 1.2305303498699027,
  "elevation_scale_m": 489.0956233757734,
  "sun_azimuth_deg": 110.44538348203285,
  "sun_elevation_deg": 38.44599736098223,
  "sun_azimuth_alt_deg": 215.70465665495922,
  "sun_elevation_alt_deg": 42.2826128543998,
  "camera_azimuth_deg": 27.424602705049274,
  "camera_pitch_deg": 19.963747923028738,
  "camera_roll_deg": 4.253100452205624,
  "camera_altitude_m": 674.6126786792886,
  "camera_fov_deg": 44.880545130501616,
  "timestamp": "synthetic_00027",
  "image_size": 480
}