{
  "sample_id": "sample_00008",
  "terrain_id": "sample_00008",
  "lighting_setup": "primary_alt_pair",
  "peak_count": 8,
  "valley_count": 1,
  "blur_sigma": 2.0084571876152073,
  "elevation_scale_m": 273.8620975098488,
  "sun_azimuth_deg": 351.74406836870264,
  "sun_elevation_deg": 49.425079821479706,
  "sun_azimuth_alt_deg": 132.6218398580334,
  "sun_elevation_alt_deg": 14.258494366363493,
  "camera_azimuth_deg": 238.93586614386888,
  "camera_pitch_deg": 20.33804027631248,
  "camera_roll_deg": -3.228446916398239,
  "camera_altitude_m": 1155.2807701847355,
  "camera_fov_deg": 41.8955558331223,
  "timestamp": "synthetic_00008",
  "image_size": 480
}