{
  "sample_id": "sample_00118",
  "terrain_id": "sample_00118",
  "lighting_setup": "primary_alt_pair",
  "peak_count": 6,
  "valley_count": 3,
  "blur_sigma": 1.368933977852842,
  "elevation_scale_m": 697.2207766962438,
  "sun_azimuth_deg": 29.674231758761977,
  "sun_elevation_deg": 54.23585252855429,
  "sun_azimuth_alt_deg": 163.50557547430643,
  "sun_elevation_alt_deg": 17.866530931328015,
  "camera_azimuth_deg": 185.48980716337158,
  "camera_pitch_deg": 23.094545588715093,
  "camera_roll_deg": 4.318853053959145,
  "camera_altitude_m": 924.1118861099704,
  "camera_fov_deg": 38.17114319733895,
  "timestamp": "synthetic_00118",
  "image_size": 480
}