{
  "sample_id": "sample_00195",
  "terrain_id": "sample_00195",
  "lighting_setup": "primary_alt_pair",
  "peak_count": 5,
  "valley_count": 1,
  "blur_sigma": 1.3185726691173953,
  "elevation_scale_m": 1514.9517617653871,
  "sun_azimuth_deg": 127.14271462226807,
  "sun_elevation_deg": 15.331760527813872,
  "sun_azimuth_alt_deg": 229.82059232110274,
  "sun_elevation_alt_deg": 39.42467411945269,
  "camera_azimuth_deg": 322.03788904251223,
  "camera_pitch_deg": 11.074121503601706,
  "camera_roll_deg": -4.199143216718983,
  "camera_altitude_m": 1611.1663927037214,
  "camera_fov_deg": 35.86643101976477,
  "timestamp": "synthetic_00195",
  "image_size": 480
}